losDeBxNKjwaDdio,5,SqNMIxUndfpmIbId
DChDuokwVMMTCwov,1,AlcHTjBfIcBPcPwu
CNBlUFLgoCsgLSCq,10,pphYnRApIhxhepXK
kAUFBjVCitSIoVxp,9,weqEdqQDBvyinebo
pKdPzuKrjociXLfN,8,roanurfLnTFCJzov
rkXvJOAMDIkdxczw,5,cHyPXziWneNQEaYf
rUZUPbEbYJehLZTm,5,yFfxvRFnHbjTViIU
SVsMuMsoVwhJCjCU,7,EYfDyYzHWYtZEUoH
wJzyiCqMMKzDhwaI,9,PRmAFDmfxHxxziPy
JzNSMPqfIHwdFlbU,9,iBhrCdLNBueDLmgS
HXpRPueEeIiuZIrY,2,xBKFtIdiNaGVREcQ
DmDPNclsOTlduqrG,8,xuJqWbvDMnDqkJxj
OCFxtdEdvpCKIonj,8,FypQBLeHPRBapfBj
esYJvOOuEWQlXGns,9,PRmAFDmfxHxxziPy
JVyKuhdBKPjDrEoG,8,EabpeLzhIDRpVagW
EPjnJpBsUjussQqc,8,IhaJSEesAvUPzZFU
MoGiqCbHrIwBZKiI,6,rDDcalkINeFyItrN
suaRZqQQNVyegkyL,6,TiXZmUSMWXmdkoYD
BPIuvCiYrvWlOJOe,6,BDFZujBDOPNqnmpF
IyoeFPuSBoDtleKz,4,EJhgHAXguKSoxFNm
ZaCnjCyCwfzgAIhW,9,pLTffAJuWiCktnPX
gshXqPxbGAWVDrGb,1,RVyAuKDrbuSobVUd
caarDZnTiRJhaSBI,2,DnBNQbrlOgvLrNIX
vWMhVBxsswaZKrTn,4,jdpeUsqZziUKsrah
ONaXpXDfoOLSwWho,4,qYVXlnzRLAnikzXh
jltThTwbhHGpXsJV,3,fabbWuEpPTvRJmqX
HwUJrlkqLbljYhbf,1,XxwFvQbMERonXRSZ
lrbsPwsQAMLZoUvN,4,ccrEEXsdfkxJRDDn
DCRWOgwtdAvgfxug,4,KXRXNZoBHOajtGIr
PYWXAVJhLaFqbmCO,10,nUBjiwuxHhZKieRR
UWHUkoYAvxilLAIM,7,lOKHxBCwsHPWamkq
jpwfMHZPnmoEeCUy,10,gZSiERfjLzroMVZY
bohcCQllwYSQTJIr,5,bicfaZLMqfkoPmvY
ihZWwihmEQtMsKei,8,ZXDZjcOxoTCDdrkv
PuCpngMrIsJkhNlP,4,HRZjQHSWJGGnvrQW
oHNONAfjjiIiGZmr,10,drKhtRPYdenxZetp
PxEmPKWbXhdtBOWy,5,itpprTxenjbfwTTd
eMAHeLgkTbFVqAcw,8,cHyPXziWneNQEaYf
uNqGtlacHBatvwDo,4,TiXZmUSMWXmdkoYD
EYtSJJkDjIBZHxKz,9,okiLBGYVMkKGvcqy
SSUPrBGjVOJGTYvP,5,vjDpiVqGmBnjCiSA
VeqJlcpVNtlSthfm,9,ChzlKlXldPMcHeQg
hZFyZVuZFrnPrbdT,3,mvMJGgVEHDeKBeek
nSLUdXaitJWDluTz,9,GBeDcxGJScXPKQtv
UNWkkjrRkqJHNrqH,3,JtwpVCmoTuVMlbHI
OAPuhVUbsjLTfpVz,9,UffyvRGWYdljZseO
WfuHciIvGuHIiBLc,5,HSsRJdFptIeUyxEI
LPCoubyOStojLjWs,7,ysMbYPLxqOiBhudA
JDLJEaqcjaMTJOVE,3,rcxNkEvipXeJkCmH
CiWjjPyxmmODeZkh,6,roanurfLnTFCJzov
KTMiUQhATlIAruGl,10,vOEhATaSgJJJIoTZ
zqXDFMNiDYbmLaLx,2,GBeDcxGJScXPKQtv
xKRbUQTKykcLqDYK,3,PRmAFDmfxHxxziPy
SexCNBiXTukxNhKI,8,YNiDKwRMnFDulPhB
tfuCUPNPBPuezqPB,9,KWyHHcezBPaShfcN
RpfhRlulyWfodPgK,1,QycHIkbyYkFEpiKQ
VzRaoawCjaDIiHPy,1,PRmAFDmfxHxxziPy
fKltEAiPhhSyFFFN,4,fbtWZvzpjmdtklLB
ErWdAkDWSJEDnAow,1,DnBNQbrlOgvLrNIX
PNAUPmZGyfpqkXpL,1,VJQXsNZNwtHiYFOU
ZBKSfHlahxDstdZL,8,KzdhOIioiKRnWbUj
KqMwzrFIYEDNWQIR,9,rofMLjnQwgPTBBfm
PGFSXoyWFPxUszyO,10,lKnGDIJWZNKNibwh
WUAnPqFshcvdmgtI,6,IKYXFsVoLsssdSpl
kjnKqORyeYuqmaqH,4,BTIxfGMuDRFLMyrD
bYLGrdynGNTwQxBd,3,weqEdqQDBvyinebo
SiZdXfZPgUNpePpS,3,NvaHOfmJTarrOvLz
vORIKHqGNwMlTPaF,2,WMNCizIEQrLFRpDA
gvwckxZATFbueDPy,7,YGogPTquhBmteUjK
ttYiDBNfScJWjxaD,3,SBEaGyuIfAUYBDXi
zSnIdflJDZDeKZJB,2,YpUCFrndqwiMAssg
JMRDiuNiPsYzMNeC,6,trLaaztFebESAykK
WqZtioFwSvtjoCbU,6,KAHdNYvvwcAxTQjr
ADTaSuUWvOqJZSen,8,cVOwwDbjaOBTpoTe
ZCrfeAlJesexmimu,9,CfyjTlQRBuaroIJg
GXeYXHTFRhBHOXpV,4,MxnZrqYiznyEVBBj
JryVjRYeYYlfHGQf,2,IKYXFsVoLsssdSpl
ShjwqwLomGNwoctA,7,wvyNMOcBmzalAyJU
PuuvTCajOKvcSgwA,9,UBIqCNBzmJdUXouL
ZaLbiHyGHOWzjDIN,1,hkcaHxEPVUuzdrIr
HYAEdSJEZWrpBrkn,7,KilXEKMclGxyvvbp
zbEIDRCakipKCxEw,7,ZcrnsOskxlyLBWEl
gAKptLBXyLxvEOBL,7,aovmEaNihfNkgkRm
ZdGDANznBKYgQchp,2,gTlFakeJUTJCAeZa
BbvYGBdnUktwtBqq,10,siXPmatWDWotlUuN
MLwhnvZJNEaeotQN,4,FCslpgNzRbstskZk
KZufKmqgcJyHOuGU,9,llSwWbaytyZykTeO
cHRFCZUJRTWyiquH,9,HRZjQHSWJGGnvrQW
SrOsSJCYSqhGTXoN,1,dHOwxDKSsUmvnXDV
WCdAvAhPMMFyaXbu,9,MxnZrqYiznyEVBBj
NVTiDtpPVDcPHEvS,1,wvyNMOcBmzalAyJU
VqqCEpvjeHjQGLdg,4,IDNiGiSDFgoBUwkD
HqNigGmfZsprAQru,7,dzMbltyoNAPcGrLX
DpdgruJPtsfZGaFe,7,gTlFakeJUTJCAeZa
JcwWsLqZfFROcxVn,10,XHnodxRzRquwzsJZ
SaMAqxipqFYcUIFb,7,wEOXrfiNfkwOJYIH
mAjNZHStxFFjzWsL,10,xBKFtIdiNaGVREcQ
OypAQKiOgNflrdGW,5,McEAPBbfUXKRofbW
HtIatFZsrXxwvhvU,4,VpoXdGWWfJoqwNpa
edVVesVSIbgnoofX,10,RZRyKjdnVFrAxewR
AqIjlXspvvJGHOgY,2,CeltbbnVOQhkkjaQ
lOyTeVvTBpwQRHto,2,bFMNAHJyykevgyXj
OoBqZQMSkeswmOwQ,1,PxKhjeEcFtqOlqcE
rPlvYqbxIbeZRvSA,8,eVFaBVDTQJVIMzRP
BoiVaUmXiGfkuQzw,5,hwbDIavAHUSyEvYh
rALhjioESlULqYlY,6,xyPkHckmFOUIABtK
MteChNIvrbmqAYQz,5,hTonVtFsbHwmDOXp
ZlwuhfyYJkfNkZli,6,FzoXNwnExGlAfrSk
fHvCPTlMlPoNCmfq,5,flknzNSwXvalRxPz
sUozofSABQjkyWon,4,vbhYdirLDtaKhhTS
vwXNPJopDEtUNGsb,4,cfgdjtahmMwhgYxZ
NRwVSCaLWWNrJHud,2,jTHqXdqQfXitAJuS
bmbayudLcuPsQKRH,3,ilMVjKVJSLUnlwFg
ClXhgzntuevxJsOG,3,yuHctXRFYjihMrWg
mJWlptMERRsFojhE,6,bFMNAHJyykevgyXj
xfkosSqiWNDUmUUo,3,jTHqXdqQfXitAJuS
MhNPRdEWdoycJuYN,2,gtZdEusPXAKLqdgw
jJwVGWfPuRcgbhds,8,AZJOcJcjrCXWkcQr
oEpkQgKecUGDWnqj,6,zuDHqgFyjUWzKuYA
QOwDKRDrSioVkVDM,4,sSvgVqznFhZgFvib
mxCmLSWKJeJVMGWY,3,jdlJyRzUJGVgRhpE
VxbelIwUPwXsJlwg,2,idVJbzgjPnAIUbyx
NCTdCymawfKNPvXP,6,FCslpgNzRbstskZk
QlsNEOcyPEnpcdQk,6,uLfMtQXxEPxmioyM
RMqgiXHzUiqwcPTL,1,XyXbRqsKkHINIymt
CpxluCZhLnCBnbIv,3,CIPlRWqhzHkdTxia
ZYMwECzUaVoRfbtm,6,RZRgKomqPHnwLGyV
KkDgTPIRAIPcNKvC,8,xMZfftqqqQUHCGng
MsnlXRgAVAlgDInk,6,QLtOKqDGvOQitCbJ
gZefXMbwZSTdTPwI,8,LcPHJAPOudSsUqsJ
NWuLRiWXZZptesFL,5,FzoXNwnExGlAfrSk
TgOnlAylJOxESpPh,10,oAlwaIQcrzSbHoTv
qHPrNMuyLsJVCJUX,8,KNoCwFstEXPoATtv
obdJZhzfjQGkRPkK,7,ulluIGwHaRtkazWs
oiynqNWmhzcshvml,9,fbtWZvzpjmdtklLB
dDfZrccQiwwnlvdY,6,DQCothiLpZGaJGAO
FOvgvpgGzGeQFJhr,6,pdsIitLysbIDMTzf
TQuYdLOmNZzBebSG,5,GUAakXydoXAAGbFT
xBJlrLaOtdPdwjgj,1,UUjusNnZyZPetTbX
ovTrLhKOVxhEAXdg,6,RmoBYrAFKlMjkcmn
JAGqKiphrnHRNyhv,9,zBdtrTJxlrGvEAhx
FNQWtddxHyBMGKLO,10,JxHCRwvitRyoQibf
MWNbBEBngXJxVtLS,10,HpdBLhwRiPxdTVHi
xVDqdYKfcbHEZIDk,2,EabpeLzhIDRpVagW
nKUhiGwyxNjdqCDB,10,EsppdBEkjbeAZAmQ
LQAAezawhDHiGqEC,2,BTIxfGMuDRFLMyrD
EYUIrnrRjwJdSzDw,7,IgiiWrixjXVoinBu
EyRCgHRoPdPwDkiO,10,GUAakXydoXAAGbFT
CYMhvYFjzbyFVgXu,7,pWbhuqnQTGgiAViM
kljHaZnmNtZyIQjG,7,ZLCyMZKNhSVvGGaJ
inTbylYAFeqObvwq,8,dEBEbajjzQXFAkbO
JrXvEAOxSWewxmjj,9,SqNMIxUndfpmIbId
pDjovDAOoUfGesFF,9,imqZFSjfjmUTthLI
pibYUAjtIGtHMveo,2,iILnDFkdWhZkivjQ
lrttDxhaJRetDPdN,4,gTlFakeJUTJCAeZa
xWWkZfLSmpoRecCd,8,dEBeSbBAPdUqsyJC
PqWSltjtSbPruVYG,10,iJAtqaLsLFiBEaRr
KUpXunjYdAtaQkVv,1,DsHWcRuMRChnyRhQ
yqWQcgvcrtRRRXBD,8,kabZnxwqSBsWfejQ
zIwjEQYTejqAFMkR,5,vgrFLyluUYreseIv
mOSvMjlXGgWMVyHN,1,coJBmoyYsQaBhZFS
QIcODFPpXKnbYQsf,3,xXvBMcQtKmJdMlQu
PtRJXQYlybIZQneb,6,mrRFPJwYqVVbGYvt
rLcxdtPvOqQSgpSN,3,jDJzGJDfHfyrDOCe
tOZcYqdHiErlWKLs,3,UUjusNnZyZPetTbX
NWuBSjKBZKxOMuHv,1,pWbhuqnQTGgiAViM
BpAJuTGwNUpMwInw,4,HLBpXxGZoDnOncTR
kqYSHHdDqtuPDdMv,1,PrjkqOQJzKqCRujJ
kbaaimtastMXIfmX,7,BhQKKihpwJDcrWzA
ZopYRrkWpjKtBGKp,4,fWWZgLoGQhUCOVJA
tzQhjWHyArIngebQ,5,nqqFupVfHBgBFYsM
oBUQAflxQxctnZlm,5,jjokpxTPTSEngdxY
yCgrVHaGEvWzuZbB,8,vuJDDhNKLfhGbUfl
orVPjkeoHmSRKQvt,4,bXqZPHIXzfCNZiGa
EizxCuOujGQRHKsN,7,ZLCyMZKNhSVvGGaJ
tveFFWxOAlbAyucL,10,yFfxvRFnHbjTViIU
AMmGlHjUChUSEsMD,2,pxDzusSzZKhtejoo
jGbiQfXASdaAZSWQ,6,ysXFrmrGZyqqwAdS
RKHMtYvqQGRuUSbm,6,IlYOLxXaqZmLOxWT
sIsYuxhKbgJonUGF,7,EGqwSxDWTxWoISaO
rzYlZSqqwRkINGSz,10,weqEdqQDBvyinebo
yISliDuUchwscojl,8,AYpzwUFHOcdNzeRA
IJVXXyRBBwybyidT,10,yWdbjkqsEWePLcGK
YdRXSqDypjkyeDts,5,pWbhuqnQTGgiAViM
yhVeoZSDDlzDsOmd,10,RaRdJPtxUeLuekCE
WmLvUsTTrwkzWxBR,7,dhiljtxnTybEPzuq
efDqdFPNdFZQnGHE,7,ibtEPorYZvZOwePY
LCTnZXTPzmufhXtB,3,qylswbekRBvQWsVU
gbPsjbzBjSWpIQHJ,7,IDNiGiSDFgoBUwkD
fSeoajdmltOKjUaz,10,ysXFrmrGZyqqwAdS
vMWZUYUFlhPFewAs,3,llSwWbaytyZykTeO
iWlOylLEaYMsmLSb,8,cHyPXziWneNQEaYf
rxvdLGjJkExESzSb,2,QLtOKqDGvOQitCbJ
kUcHIDuXykkXDKly,6,faCwnvpphnMynIWO
EMGnlgTWdHEqOGdW,2,FzoXNwnExGlAfrSk
SLixokFzxTaPCCTE,4,KilXEKMclGxyvvbp
fUrRbDnxnuHyjfqg,1,aKENqHXBWtEdyLLy
oqGLrbuhlCDUnRMZ,7,iILnDFkdWhZkivjQ
bzpPWtJEgNQrvpTn,6,ayRqHXuikbYuPpYz
wpqgyEpWdEzptgwP,1,whfqlHflBoSVnenf
fBdSOaoWLDrLrBwC,9,kkGrIMRvuAooyfHf
dtCoOPxOyGPsexlS,1,UUjusNnZyZPetTbX
ldjoeCPiTihwMAyS,4,FzrHnjUqNbMEbPsG
BxYiKXqCmNLdSrVM,2,ysXFrmrGZyqqwAdS
QeqQgYmmFpEuIWim,9,BHYHUosuxJqiqgie
vMDMCfYCnRMysOpj,3,zqjKwPZfWdHUImsR
rPauEYnqSoXXFPKz,3,pXGmtnFZGnvvMzCM
exlraUGAXyKMPPSw,4,inrlbwwpAKkfVvpI
aCQbYEaJtmrvFyTE,8,siXPmatWDWotlUuN
FxIFCREVQmVZYBkD,9,VnPudywXAQGaHlBD
gjQiOAGUvFqyYwNa,3,vNpBunpOsSkgAyKq
QmAHifExoVcpyLit,8,sPppFJVAvAxOVHiw
ZwGztvwgAVnHgoNk,6,pLTffAJuWiCktnPX
NViCnIVvfOhtEaoI,9,dEBEbajjzQXFAkbO
YNuxCsEJfSvcFbSQ,3,AOILuXACgtUuqeey
SaWIYXkbZNZAbbrE,2,WjwFIXLPVFlrvezR
MqXZkVqAYWjaCzBG,1,WApQSzGaIUmmjMaL
iwyOpOhFhmPNeuMP,7,IKYXFsVoLsssdSpl
NtNIGJSUpMwKOMoe,9,JfhQixWepTTzToZn
cOyHglBEjSVPLxkS,8,SqNMIxUndfpmIbId
qGxDPEvUpKHSmfrx,8,XJakDnVVhtMQcGUB
ACypKTQcMjxhkmtf,6,vjDpiVqGmBnjCiSA
GgZASyawoxnFGcFn,7,wEOXrfiNfkwOJYIH
FmyJUfxbxIDsAZTM,10,BMnrNBlzemxyyQPz
ZaRVzdMuaAGcuTOM,10,oqFDrPSItETXMJaN
nfLhjmtsRWVudgue,6,vOEhATaSgJJJIoTZ
VxhidpppFMiqypLj,10,WgCeuULivoUAERMZ
YjBZcyDdkZUPQYtA,4,veVMcJsDhwznqJFD
iiLWeiRKkaKeAvVb,4,WIdTKnzFszUQGZMc
iUcRQBOtuNYXDFrv,8,zhFwdGpoUWsaRaTa
WSfQXUvlpcLKFlwK,3,XxwFvQbMERonXRSZ
DoFNxdDRtrAQRsdc,8,fWWZgLoGQhUCOVJA
GDwEGSBOPnjDIzAc,1,cdirtZWgpBGQwLit
dXlTWQIrYPskCGfK,9,rVrOLwuYokWHAJqK
orEnrstsbtLuFBoV,8,LcPHJAPOudSsUqsJ
YgfieBIRgVChXOXr,4,uLfMtQXxEPxmioyM
VjmDWBgembGYTUdQ,8,ChzlKlXldPMcHeQg
UCjaAHRuudsuTtmo,5,GzIOsEmXuQsFGksv
AoemZmiEvkQVkWFA,10,wrYtElYitYvEbXuo
oypJYbQZzaAFZFvR,10,XarfztmUIuuFbXBJ
vgyPZTRBFzHkcWhh,7,STCGyzScXBmjSbHr
TxgwYJILgBlnPjhe,6,zBdtrTJxlrGvEAhx
cVKvnaVihCpGzqWv,1,JRAEhKwuhjTrvfSs
ykaGHLiQIkPmGFQz,4,tIhxwVipqkzxEmgk
HwZmNWUXlSnsVqVh,2,NCQCIigSCzlwpQKa
VapeKTIESBfgvsqg,9,dDJKcrxoEYFMtlqc
vZNteSDnPWNtNCCt,9,kkGrIMRvuAooyfHf
CihBWQbFLkLQWMvE,2,hmxsPEWfXemFwGNF
chmOSjAraqkDprXM,6,xMZfftqqqQUHCGng
AauKPJUTBTVcUNgG,6,QtxkERIbYNpLgzEF
WWGZJRBxkeDmVHMY,1,BpEKfKcJfPoqtstl
CKvoXbSBNuCPvPHM,1,MtkjsEDSYvieKyAd
BefZOoimTnlqENNm,2,BQFYdClRxcRlGIYr
KZiewUksKgmJIzrT,9,HBfUXGSpOtRfUIoM
PmQHCdTuEtRnCiOV,4,NiYqPeGpUfogCDJv
mvTirVQJXrIWCLbA,9,XAiudETpmoUzJJLP
mCamwtHUZQrJivrx,2,MVDVGUliIgEMWEOv
caeqtCEiQpesNtXQ,5,gTlFakeJUTJCAeZa
SqTDsEcEZhQywhzV,2,vsiBpremcjIVcJMU
zDKsURhSqGIUQDsu,4,lKnGDIJWZNKNibwh
MfLtMthAtMagdqWI,8,zLytHEPbQPKEkZeF
jfMilSQTsWwchIcE,3,oAlwaIQcrzSbHoTv
PQGiYqwcyimcICtA,9,KYTtxlinByBQHxcy
AuFkFUPYOxDtwipO,8,TOVmYknyknOPJWFZ
laAlgShYLFHXCtvZ,4,RUVxLJiEtmroxhrv
ZJkhCtFINTZmbPxF,2,pLTffAJuWiCktnPX
WmZBuQHyVecYBgNc,4,egSrJOfPnRVhXCQJ
HOhOXpsbwdEUOlLV,8,FOrQlxgLJkaWYxWi
inBSAudORCzafnbZ,2,JMpIxJtPyNFVtkdC
OlrTBkHcNeJDExGY,1,ogMTeijJYdhvdFDH
bpowDieRpLhKYuzM,2,iJAtqaLsLFiBEaRr
OLfqWXqBblGMUiOS,9,ZLCyMZKNhSVvGGaJ
aptrLzjAuKdcuKTT,5,kkGrIMRvuAooyfHf
CdaFMqcNRJehgfJL,2,LGMusDhiBtTFjAeF
xFeljXRKaJlOfFFP,2,veVMcJsDhwznqJFD
tvnHgTncQYaoRxeA,10,ofVDvSubYAkifkuj
tIYGZzGblHBgMXoJ,6,GUAakXydoXAAGbFT
DtBVUXFWSoBvVJhb,8,mnvhwGKmWxyFwbvT
CwKEbsIFDsrLDWgv,8,lOpChPbDaUoRJPQe
uuqVwHljjYvDKKDU,5,QWOqOFIbRweZfFYV
gTusKINJdgHfAvjH,4,JtwpVCmoTuVMlbHI
sTMGsuMSSUtLRLfn,6,hTonVtFsbHwmDOXp
CgrjWdqoVyWAfktE,10,iILnDFkdWhZkivjQ
GwvuYMtiQFCdKuwm,3,wHjnaFfgjOivJrId
UEVeYTFjaSwUZqhJ,5,yyqvGRzkglVuYnPs
pLruhTENMdWSpkBN,1,LJMdzbLaCXPmpDTo
nKGearLLOxhAKgfw,7,dzMbltyoNAPcGrLX
fcphdDsQXUgRQKaa,9,NbVzWVRIdukDiUYZ
VdsGOkqRihphqdRI,8,rVrOLwuYokWHAJqK
KevRYldfzeqkGVkp,10,WMNCizIEQrLFRpDA
EkNYVLiWkmAHLJhb,9,FGTySUHLqkCUatfx
nOTZEZHVgcLHHsDO,10,BQFYdClRxcRlGIYr
YotHxigZSCdhqdIO,5,agsONyzNvpNxuFDj
YXKNXRatERrGWonM,1,WgCeuULivoUAERMZ
SGZMQCyBEUNwESFM,9,JxHCRwvitRyoQibf
sQguaQXJcgRHzIod,9,WgCeuULivoUAERMZ
JdctuPWWsDFSHCPL,2,hTonVtFsbHwmDOXp
UgyAFUyUzMogUNkS,5,bameaQlUUMCqeiJs
TmaLvBJJyxQCuiQB,2,NLcxVfUNxqUxFmxk
BvzaWcwOFopKuJOr,5,KXtPavDtyOQidWen
lRJhBIixiUeuhSiJ,7,myYrLezmzChpeenZ
ujolEkKrkutKOnjm,9,JtwpVCmoTuVMlbHI
AIeuxQAAiOViVppK,6,IgiiWrixjXVoinBu
RorrZmIXefqdHAiM,5,XHnodxRzRquwzsJZ
pOHeWvVQFBrhZhBi,5,cmWcANnxNvYyqAir
durHIWxvlNQofFYc,4,oqFDrPSItETXMJaN
oFcSGYvULFCLhiOv,9,teUQfriodlLSJBdF
vlfYRAzLjDfKkUyZ,4,aRUgSTRuiqBLTTfb
pZPFXUATCzMaUelX,8,bYlncCnFZtAnoAhR
JbSRDcJLlFdkHpmA,10,iUqdNmIlknHoEwvb
JWLKRuJXnztpAULr,3,ApbDzZUTWgkscecI
VukdVVoftXYdTfXU,3,fWWZgLoGQhUCOVJA
fKzssyoEWhuOUkgh,3,OVLZJeTgxrQvHjHl
hwJAwEGpuvESEWoB,8,COQpOTTlPvzQVAwA
pnjwGxYUFjJAxmox,5,kfhorTUGnnvpfyqV
tGAwcWeSKrtKufXU,8,CHtAnudRZZUdGNTV
YDCGyjzqoPdDGELw,2,EGqwSxDWTxWoISaO
twOazOoDBSqFcWly,7,UEjNDPkgakaIEWDW
QuWjfytoSsWOItgn,7,cHyPXziWneNQEaYf
sqxwjFJHKsktbnzt,8,dfNdANuHMYYAmAPO
RvKzeZOvPQfKHzLl,5,COQpOTTlPvzQVAwA
mLxeNPcnGeYNdvBK,5,rLJAidGMyipJksVr
MDiiVBmymPxTRJIr,8,LSTaXfTtUIWFNdBh
nlGHXVgAITNDQkRK,5,BlYlJXDYjxFyONtM
BdkErQUmUSvZePwp,5,ZXDZjcOxoTCDdrkv
FrQXTLuGuXDGEmtw,10,thtInqDpLOPfmVgk
EHxvIJEofHiiHnjP,1,rLJAidGMyipJksVr
lfXzeHyMsZxayLaU,1,GgmLAnTXMppimTRw
qAAfkbCKmiajzkYG,5,lHnCtULvDxNIRIHn
OnuXffWBMjozpooV,9,AOILuXACgtUuqeey
LphoLnBGmtlDUEGd,6,teUQfriodlLSJBdF
QkWKnpGvcMHeYUGT,5,BlYlJXDYjxFyONtM
PfoYuGKlQvfgGKLp,4,jdpeUsqZziUKsrah
uPXtMBvBDsNWjyof,7,LkuiHKVzFwapKvBT
JDUPJDTDNgdltxbo,8,XJakDnVVhtMQcGUB
iAMgIubQUCJzTrZf,6,EMsMoyjmojlIPMTX
OGiHuQkVqolQaMbp,3,iXUUTcwZdwheDqGz
eoDmdIhiSZcIALZm,10,RwHqsfhIceIBLWMB
EmpbMqroPCYmvjwB,7,MxnZrqYiznyEVBBj
vSwongBPteChqwMf,2,URiuZEdqsFAmBdUc
rlViGDytPJMLsCgC,7,XqtWVBIGfDqGKCGr
FKLzuECZGAuivaVE,7,jrDnOIHkbhdBSIFX
GSGyNDqAJTpENZxC,2,wvyNMOcBmzalAyJU
KmKfDuEkYnOsJTVE,10,llSwWbaytyZykTeO
EaShYSXGVEWCxzzG,4,lRLHcHlASybQziuM
TnrJDJFUYZYuWuwX,7,ULrFiCplCyUmHVfX
DwvxsRZdKdLficoq,3,yuHctXRFYjihMrWg
KNokNsOFrWqcEQRL,9,hWafJFqfIdrNxCfS
KdlTrNgdLAurQVMc,4,mvMJGgVEHDeKBeek
yAzTKtnYZjEImgKc,1,URiuZEdqsFAmBdUc
xfrWanUxXJRTNBou,6,WuhBKMQrCBQdieNS
vEKxjZLrmbaelGyv,3,VVKUWEqtlbNZvgdl
mIgUDyuSZoEBflTT,1,dDJKcrxoEYFMtlqc
KnQgCKJbPEyIzpUc,4,TyhsGCYzlOIlGoGA
RVhRlDgiezUeEjCa,4,bFMNAHJyykevgyXj
EYOEbDESHxkYfAfN,5,KYTtxlinByBQHxcy
HtmKMunNEazpUdvM,8,gTlFakeJUTJCAeZa
OYkWceArffCVTdia,10,MSQEIORiEZUnAYJY
izsfYokKOZlyorSA,9,wEOXrfiNfkwOJYIH
kIwuXSmBJRyxuhdP,9,KFedxRxWZyRIMkvB
RLqkMWhycoHTNfwe,9,SBEaGyuIfAUYBDXi
jkPRYgKBbyxdmNeX,8,ULrFiCplCyUmHVfX
JXOaAKVCqaZWrFsC,5,WApQSzGaIUmmjMaL
qHJOxosRVNXrIrJz,5,SdeyGbbBdJMliRdn
ggOtdEJSlWdOJLzH,8,ulluIGwHaRtkazWs
IjwMSVabqeQfEfjd,5,VdnuRFIwQtnwhpvk
emTQjbkOdcszULVY,5,IoBFPYyqaCySnjYr
cgfebRvqBnCiWiBf,4,FfrnnoMKTtPBzGlN
cwYYSZYUucTjYbIO,4,wMpqNAPVeoOzUAfS
psrrktYOlugNRyxW,9,lHnCtULvDxNIRIHn
lVAzrYevXnZYWAXI,10,mZAmiBQgjSCZgqbV
VxHwCZxLmHPRIPjk,8,phelqThXRJKpkZTH
nJxlSmNLsIXJRvcb,7,iILnDFkdWhZkivjQ
hqvznwasBsMNZbdq,10,QWOqOFIbRweZfFYV
JViWQvSghaQLvrag,3,WMNCizIEQrLFRpDA
lTnnpLigCgScpcit,4,uNmJGCcBllmpANqe
YIjbvHTRHophWuOj,6,DXTBNAfsVmulYpzp
CONWkWhiMKUiVelL,4,rJiyKWynGINxwsoC
xARTIjBGGUzoxONs,6,YZSpOJwrOzumUcmn
TvrSTwWrSteiunvI,7,DYYexFWXapUYGLAf
LrAqardrODHHvlJS,8,QxACTiWQmBuPCXgs
vqEQAdOXMuuaGsOP,3,uuOZLdEHDvoOqBbq
WXaeymmKArcjZfNa,1,NCQCIigSCzlwpQKa
zhFOPNmwIdpuehmE,4,BJIIFJytesPZUxGP
aAcXQOPOQaiTybpo,2,kGPkRiGtzYqqnBSR
zzmwrvOfgyRIpUPk,5,MLhlyxyXWwHUluHz
CzecepjlscYywvLa,4,iDNyhnJYfCCWGUUC
aFbDXemKFDwjjrfz,3,PxKhjeEcFtqOlqcE
ZMuFDKxhhAvgocSl,1,oRVAgxTCuaFIDqTf
jqMgtnmIscOQlCrA,8,zHMvPiftIuwiKLwh
YnhSACwMxnRKMuqx,2,xyPkHckmFOUIABtK
fnhKJCKUnBuuwSqF,5,pAtmavLIeDIHfdvR
mXdAJwZYnDWeXeYG,9,HBfUXGSpOtRfUIoM
XYCxsExXvhxqLXEl,1,FxUgWKrEEODRCEwl
bKIHXHeGLdtQtVyI,1,ftNYqCUgJFpwHazH
TojdyLITwqKmsudw,9,JRAEhKwuhjTrvfSs
RjHdddOLFjERcvFD,10,FfrnnoMKTtPBzGlN
xsvySFyBhjHnjIfK,8,YnLhFLSsGvuRDjzb
XFhPJzbZSNepPpkw,2,HwKrYyweRbiuUZgZ
xmmtkxlhpzhBUXof,10,vmXqdBslxxlQXrDN
LJCTKjPNnpkrsXPw,3,SoWEljtjQBGAQvwf
cpICAEzoqjUxDiCu,7,ibtEPorYZvZOwePY
BPeqzhsfgjtDdoQN,1,WIdTKnzFszUQGZMc
uPaBzwbtvaWaaqVf,3,WYKWkjqxHhTeiBSn
VAIlYMvOdsmRSVOD,1,GBeDcxGJScXPKQtv
gDDCXHSCVPijCkey,8,cwnJOJDSggcIiTmg
QniJssbFLnIEbYly,10,dEBeSbBAPdUqsyJC
CtYPcVuwhVIBQvQV,1,BHYHUosuxJqiqgie
ifBecfxwxezvEYQK,4,dHOwxDKSsUmvnXDV
mtpiQzjNvGypDVzh,9,tSNfjtxERwTRVUCq
DWUZGxSXfFwEOdob,2,zeGqJmPDcPwTASsW
ajWxIrkcRmIlMHQj,1,rNVjyBxfqKNXhGpd
nQXxmmppwBCARoRQ,4,iBhrCdLNBueDLmgS
LfwPJSjyuOIpfXKN,8,DQCothiLpZGaJGAO
sHHisfcdkQhsaqck,1,IoBFPYyqaCySnjYr
byphOkZqHKchFSGr,4,MDxkZsGRLSaifCxH
PdSKtAIJpTAwuPdx,8,lFIMGFNsuOMhZgUw
YoowwAtRMKpXJWag,4,wvyNMOcBmzalAyJU
nVzWLVHJRpYkMAyC,1,SdeyGbbBdJMliRdn
rWJowkDvtXmQdKNI,1,jjokpxTPTSEngdxY
NqHSyKBlyGiUdxOH,3,BHYHUosuxJqiqgie
gTJNlGsXyGQTdjRZ,5,ozVMRLXZNsYHtMlQ
hkejWUSdHfetgaQw,2,ldwoectBxzExdLlV
NwpwnCSxXeuDQUVE,7,eYiWilVZQfDtwcrK
VjGYLLHKRBZkJFQB,6,RmoBYrAFKlMjkcmn
dFRigBNQuZlZczip,4,iDNyhnJYfCCWGUUC
NJuPXgEXbWQekbhA,10,SBEaGyuIfAUYBDXi
OlZmTxKDKRsczncQ,10,dDJKcrxoEYFMtlqc
dsHAQuzIWMAyuYcN,3,mugktNysFCqeqESJ
WECGiLkcrzmNMiOZ,6,phelqThXRJKpkZTH
jrsFzhNAOubszJut,7,bYlncCnFZtAnoAhR
yXjzwDSeABmeJSqd,7,IjgKxAihwtUdbYBZ
tmBcpNFKPNRPTMOl,10,JZDiQJIRCtsjcDiq
MUDphWCIESGQlkyD,1,XxwFvQbMERonXRSZ
DuFQdGRggkoVriGe,8,LGMusDhiBtTFjAeF
PdBWPvBmzligGBbD,9,nqSnAsweEmvIHGYi
HgnBElSfYReTImfv,6,sPppFJVAvAxOVHiw
bUzIxKuTliQtonaD,3,xSAEQVJDPmzxmbMV
IOOfKfKoUkcTGqAJ,2,OGJsoXIZtbdprDUd
seVxaVxPrEMtOnVd,7,EYfDyYzHWYtZEUoH
YquOgGKuOsyntFKx,7,iXUUTcwZdwheDqGz
CxbuGoDtbGixmDyE,9,ZhBBHdETrraQjeba
uClRiEcjhhAYzIsy,6,RZRgKomqPHnwLGyV
nbzVcgjdUlYAPIpY,3,zeGqJmPDcPwTASsW
bcWXOOYIqzDYHUtn,2,BHYHUosuxJqiqgie
XgAwfFepzdHUDlWh,9,LJMdzbLaCXPmpDTo
MOohfcQFEqcivDlK,1,JMpIxJtPyNFVtkdC
PzNEjFkATNcUhskj,4,UBIqCNBzmJdUXouL
lDwSDtxtfDAqcEDz,2,xXvBMcQtKmJdMlQu
vQxGiCTWIsEGlkuC,7,sTMYQVszGmaCVdin
kgIgQhrYJZgJDCaj,9,aKENqHXBWtEdyLLy
yYliRSXTGOUEFUOA,7,cwnJOJDSggcIiTmg
fpcKBKIZpdTrIfDM,9,WjqnGYXRhaEWMuYK
NiqpFjUrdQejxRrN,7,mkXqbsZvMQqkzITx
FacxGIKxnrNMCUtI,3,rVrOLwuYokWHAJqK
tawHptVTnVyXUhbi,8,HwKrYyweRbiuUZgZ
uWpBlSnfbMWYZPpt,3,PAmKDcdyekLtkzeL
kMQGHUhbViZperXu,8,MLhlyxyXWwHUluHz
iPIgcsoqnblafaWv,1,hkcaHxEPVUuzdrIr
AaHWMwBtTRHvNEXg,4,CylCOCliGZcllFpB
WiWttCNBzCexWXoN,8,NezPiCDKUxfnUnxj
qTfAwttuWZcIdtos,3,dAoEUbfGiGcGgEcx
jAiqHAKWkRcrXpSG,1,wHjnaFfgjOivJrId
MAXWdCbROfgOXzDl,1,piKFfSqiRTgOScjr
DfoAxJKOqdWBEgbK,1,xMZfftqqqQUHCGng
sHBzaYqkDGyfyNAR,5,dfNdANuHMYYAmAPO
hQAaZTbnVxpNgPDe,3,BdWcsxUCLHHIzphF
JwhOoYtyUwyTTUfg,2,ldwoectBxzExdLlV
CRZxwBWEQueOoRRT,4,XxwFvQbMERonXRSZ
ecisDtyjrUMqMHpk,7,WuhBKMQrCBQdieNS
NTIoTOpOtLSiEvFZ,4,oAlwaIQcrzSbHoTv
dJAIStaZFKqcRHCW,3,LJMdzbLaCXPmpDTo
LHgnaAEzSemtFYVF,4,imqZFSjfjmUTthLI
fiBaGrHayfyUfEur,7,XcvAVerCcqwZvXYE
bIiEQPLbqHOrdjDi,7,nqSnAsweEmvIHGYi
yBdNjsBCxRuENWan,6,XJakDnVVhtMQcGUB
jigAhvoaHuXjboQe,4,VvWyFdPPWOcVIavo
AQKmdxIKWPKKcZMy,5,JtwpVCmoTuVMlbHI
hnWLqXfIiGKmtDJj,6,pdsIitLysbIDMTzf
DMpbEMTybaNPcqsb,8,OGJsoXIZtbdprDUd
HPnzGUASZoMIBHdm,5,EGqwSxDWTxWoISaO
SUIGmkWajAoDRaaw,10,udjIowMGokKxiYlf
GfOayZPuLWjSgXcK,4,ZhNAOwNfuBOiOWbq
DCMOwHsabGCNlvlQ,8,zBdtrTJxlrGvEAhx
gceDUDgCnFohsHMo,1,wRqXtBNlBqCPGARL
lyMgMQfGdigyrdBu,4,PsRYZkZfwkTqUjVX
BtWMgbTrOcqnqCDZ,2,gTlFakeJUTJCAeZa
QgonYzWTLEezlZDz,10,EYlejSFdIagawxzH
uGoQedWlHveUqjfF,1,YGogPTquhBmteUjK
FDrQHmycrLkqMdfR,4,dfNdANuHMYYAmAPO
JKAybcMfaXOJvJuw,9,zLytHEPbQPKEkZeF
SeUsAeunpYJhVAOn,6,cdirtZWgpBGQwLit
giQuYkYmTNRheELM,5,pvZxwxMMVvUSONin
qOqenDfsdnDeGKkW,5,RwHqsfhIceIBLWMB
WTDXCsYaqGnDEdnf,4,pWbhuqnQTGgiAViM
kwcqroLISWgJCbEM,4,MSQEIORiEZUnAYJY
jDEVdggiaEvMfCVz,5,AZJOcJcjrCXWkcQr
DZPMOJUBeruAUsMD,1,WNCFFqPAeatxaEBk
bDQfhQYvEcqTobPs,3,KFedxRxWZyRIMkvB
vSFCQvmkOCAtIowW,10,rAKBACdPbccRjTPd
