HeatherMcconnell@westmont.edu,gAKptLBXyLxvEOBL
MatthewTurner@westmont.edu,xKRbUQTKykcLqDYK
JacobHall@westmont.edu,ldjoeCPiTihwMAyS
MaryHill@westmont.edu,GSGyNDqAJTpENZxC
BradleyHarris@westmont.edu,dJAIStaZFKqcRHCW
ConnieBishop@westmont.edu,MWNbBEBngXJxVtLS
ConnieMorales@westmont.edu,AoemZmiEvkQVkWFA
DianeGarcia@westmont.edu,VapeKTIESBfgvsqg
LarryHood@westmont.edu,jJwVGWfPuRcgbhds
BrianGibson@westmont.edu,kgIgQhrYJZgJDCaj
BrianBarnes@westmont.edu,aCQbYEaJtmrvFyTE
StephanieStevenson@westmont.edu,sHBzaYqkDGyfyNAR
VanessaHoward@westmont.edu,sHHisfcdkQhsaqck
AmandaKerr@westmont.edu,BPIuvCiYrvWlOJOe
CarlosGreene@westmont.edu,MWNbBEBngXJxVtLS
JenniferHerman@westmont.edu,VxhidpppFMiqypLj
MichaelWilliamson@westmont.edu,ZYMwECzUaVoRfbtm
ConniePratt@westmont.edu,rWJowkDvtXmQdKNI
MelissaBell@westmont.edu,jrsFzhNAOubszJut
KevinGilbert@westmont.edu,fKltEAiPhhSyFFFN
JosephRodriguez@westmont.edu,ttYiDBNfScJWjxaD
JacquelineGarcia@westmont.edu,VxbelIwUPwXsJlwg
JeffreyBarnett@westmont.edu,GgZASyawoxnFGcFn
JacobEvans@westmont.edu,yXjzwDSeABmeJSqd
AnnaWarren@westmont.edu,TgOnlAylJOxESpPh
DarrylMayo@westmont.edu,tmBcpNFKPNRPTMOl
RebeccaMiller@westmont.edu,gshXqPxbGAWVDrGb
GabrielCole@westmont.edu,IyoeFPuSBoDtleKz
JerryThompson@westmont.edu,sHBzaYqkDGyfyNAR
SusanOrtiz@westmont.edu,CwKEbsIFDsrLDWgv
SusanSimmons@westmont.edu,tGAwcWeSKrtKufXU
JamesDorsey@westmont.edu,MUDphWCIESGQlkyD
AaronTran@westmont.edu,PmQHCdTuEtRnCiOV
MelissaEvans@westmont.edu,cOyHglBEjSVPLxkS
MarkMyers@westmont.edu,obdJZhzfjQGkRPkK
CarlMoran@westmont.edu,rPauEYnqSoXXFPKz
WhitneyWilson@westmont.edu,BefZOoimTnlqENNm
CynthiaDavis@westmont.edu,MLwhnvZJNEaeotQN
JasmineJohnson@westmont.edu,ZCrfeAlJesexmimu
GregoryChristensen@westmont.edu,KUpXunjYdAtaQkVv
TracyBell@westmont.edu,uGoQedWlHveUqjfF
MonicaPerez@westmont.edu,nlGHXVgAITNDQkRK
MorganBautista@westmont.edu,EHxvIJEofHiiHnjP
KathrynPrice@westmont.edu,orEnrstsbtLuFBoV
StanleyGreen@westmont.edu,twOazOoDBSqFcWly
CharleneWilliams@westmont.edu,losDeBxNKjwaDdio
ElizabethVega@westmont.edu,cOyHglBEjSVPLxkS
CynthiaKing@westmont.edu,dsHAQuzIWMAyuYcN
JenniferRivera@westmont.edu,qTfAwttuWZcIdtos
AlexanderSims@westmont.edu,AauKPJUTBTVcUNgG
AdamHart@westmont.edu,AQKmdxIKWPKKcZMy
AaronHarrison@westmont.edu,xVDqdYKfcbHEZIDk
DanielAllen@westmont.edu,twOazOoDBSqFcWly
KeithProctor@westmont.edu,sQguaQXJcgRHzIod
SharonNorris@westmont.edu,ifBecfxwxezvEYQK
KaylaSpencer@westmont.edu,byphOkZqHKchFSGr
KaylaMontgomery@westmont.edu,NiqpFjUrdQejxRrN
ErikaMccall@westmont.edu,DChDuokwVMMTCwov
PeterPerez@westmont.edu,CYMhvYFjzbyFVgXu
AndrewHerrera@westmont.edu,bYLGrdynGNTwQxBd
BradleyVasquez@westmont.edu,uGoQedWlHveUqjfF
MelissaLewis@westmont.edu,VAIlYMvOdsmRSVOD
NicholasCombs@westmont.edu,XFhPJzbZSNepPpkw
MichelleWallace@westmont.edu,qTfAwttuWZcIdtos
SuzanneWilliams@westmont.edu,zSnIdflJDZDeKZJB
MatthewKnight@westmont.edu,wpqgyEpWdEzptgwP
WilliamHall@westmont.edu,pnjwGxYUFjJAxmox
HenryAlvarez@westmont.edu,giQuYkYmTNRheELM
TerriBrown@westmont.edu,TmaLvBJJyxQCuiQB
JessicaWiggins@westmont.edu,WWGZJRBxkeDmVHMY
DavidCurry@westmont.edu,xKRbUQTKykcLqDYK
KatherineMoore@westmont.edu,OoBqZQMSkeswmOwQ
MichelleGonzalez@westmont.edu,bohcCQllwYSQTJIr
VeronicaTaylor@westmont.edu,PmQHCdTuEtRnCiOV
ThomasBradford@westmont.edu,durHIWxvlNQofFYc
EmilyBradford@westmont.edu,CgrjWdqoVyWAfktE
ClaytonLee@westmont.edu,PzNEjFkATNcUhskj
MatthewParker@westmont.edu,bcWXOOYIqzDYHUtn
CarlosParks@westmont.edu,MteChNIvrbmqAYQz
AmandaRobinson@westmont.edu,NViCnIVvfOhtEaoI
DanielleSchmidt@westmont.edu,oHNONAfjjiIiGZmr
NancyAdams@westmont.edu,ifBecfxwxezvEYQK
MarkMay@westmont.edu,MteChNIvrbmqAYQz
JohnWhitehead@westmont.edu,VzRaoawCjaDIiHPy
BrentHowell@westmont.edu,nVzWLVHJRpYkMAyC
SuzanneHancock@westmont.edu,bYLGrdynGNTwQxBd
TanyaBaxter@westmont.edu,MfLtMthAtMagdqWI
ErikMendez@westmont.edu,mLxeNPcnGeYNdvBK
AmandaHendrix@westmont.edu,TQuYdLOmNZzBebSG
GreggMorales@westmont.edu,JAGqKiphrnHRNyhv
BruceSanchez@westmont.edu,bzpPWtJEgNQrvpTn
AnneKnapp@westmont.edu,bohcCQllwYSQTJIr
BrittanyBrooks@westmont.edu,QuWjfytoSsWOItgn
KristinCosta@westmont.edu,KqMwzrFIYEDNWQIR
MikaylaMelendez@westmont.edu,inTbylYAFeqObvwq
JoshuaWarren@westmont.edu,QOwDKRDrSioVkVDM
VeronicaBuck@westmont.edu,qTfAwttuWZcIdtos
LukeParsons@westmont.edu,SrOsSJCYSqhGTXoN
AprilMcconnell@westmont.edu,qGxDPEvUpKHSmfrx
TylerLewis@westmont.edu,kwcqroLISWgJCbEM
HollyCook@westmont.edu,ggOtdEJSlWdOJLzH
AmberStone@westmont.edu,dJAIStaZFKqcRHCW
SarahMay@westmont.edu,mAjNZHStxFFjzWsL
MatthewJensen@westmont.edu,tGAwcWeSKrtKufXU
CrystalGray@westmont.edu,QlsNEOcyPEnpcdQk
VanessaRivas@westmont.edu,CzecepjlscYywvLa
SamuelReyes@westmont.edu,KevRYldfzeqkGVkp
MichaelTaylor@westmont.edu,CzecepjlscYywvLa
AnthonyMedina@westmont.edu,RVhRlDgiezUeEjCa
StephenHarris@westmont.edu,yBdNjsBCxRuENWan
EricaPowell@westmont.edu,QlsNEOcyPEnpcdQk
JerryGiles@westmont.edu,kbaaimtastMXIfmX
MariaTaylor@westmont.edu,lrbsPwsQAMLZoUvN
JesusCole@westmont.edu,gTusKINJdgHfAvjH
DavidMorgan@westmont.edu,NRwVSCaLWWNrJHud
ThomasMacdonald@westmont.edu,JMRDiuNiPsYzMNeC
MeganAllen@westmont.edu,oHNONAfjjiIiGZmr
DanielWebb@westmont.edu,EYtSJJkDjIBZHxKz
KarenJones@westmont.edu,orEnrstsbtLuFBoV
CarlaReed@westmont.edu,JcwWsLqZfFROcxVn
StacyGill@westmont.edu,JwhOoYtyUwyTTUfg
LisaLewis@westmont.edu,MoGiqCbHrIwBZKiI
LisaSimmons@westmont.edu,cgfebRvqBnCiWiBf
DennisHerring@westmont.edu,nKUhiGwyxNjdqCDB
SusanMatthews@westmont.edu,GfOayZPuLWjSgXcK
PhilipRojas@westmont.edu,rkXvJOAMDIkdxczw
PerryOrtega@westmont.edu,KkDgTPIRAIPcNKvC
JoanneKennedy@westmont.edu,xVDqdYKfcbHEZIDk
KatherineKidd@westmont.edu,WmZBuQHyVecYBgNc
MadisonDavis@westmont.edu,KmKfDuEkYnOsJTVE
LindsayBray@westmont.edu,VjmDWBgembGYTUdQ
JosephMay@westmont.edu,WfuHciIvGuHIiBLc
MelanieDominguez@westmont.edu,yqWQcgvcrtRRRXBD
RobinSantiago@westmont.edu,ZJkhCtFINTZmbPxF
LauraAdams@westmont.edu,VxhidpppFMiqypLj
EricaBarnes@westmont.edu,suaRZqQQNVyegkyL
MichelleWaller@westmont.edu,LHgnaAEzSemtFYVF
MeaganNixon@westmont.edu,jigAhvoaHuXjboQe
RobertMcgee@westmont.edu,kAUFBjVCitSIoVxp
DaisyJones@westmont.edu,ykaGHLiQIkPmGFQz
RobertBrennan@westmont.edu,caarDZnTiRJhaSBI
AnthonyGarner@westmont.edu,jAiqHAKWkRcrXpSG
HeatherMorrison@westmont.edu,ZopYRrkWpjKtBGKp
DanielPerez@westmont.edu,DpdgruJPtsfZGaFe
BradleyBlack@westmont.edu,VAIlYMvOdsmRSVOD
NataliePerez@westmont.edu,uWpBlSnfbMWYZPpt
AngelaWest@westmont.edu,RVhRlDgiezUeEjCa
NicoleTorres@westmont.edu,PNAUPmZGyfpqkXpL
SandraCruz@westmont.edu,QlsNEOcyPEnpcdQk
AshleyMoore@westmont.edu,QOwDKRDrSioVkVDM
SandraEvans@westmont.edu,WmLvUsTTrwkzWxBR
JeremyWu@westmont.edu,tzQhjWHyArIngebQ
MikeKing@westmont.edu,gZefXMbwZSTdTPwI
JanicePace@westmont.edu,tIYGZzGblHBgMXoJ
RodneyCox@westmont.edu,BPIuvCiYrvWlOJOe
CraigBaldwin@westmont.edu,jrsFzhNAOubszJut
LisaLowery@westmont.edu,dFRigBNQuZlZczip
RonaldWilliams@westmont.edu,HtmKMunNEazpUdvM
ShannonAlexander@westmont.edu,SqTDsEcEZhQywhzV
FrankBarrett@westmont.edu,lDwSDtxtfDAqcEDz
MichaelReed@westmont.edu,YdRXSqDypjkyeDts
DorisFoster@westmont.edu,xWWkZfLSmpoRecCd
JosephBaldwin@westmont.edu,yCgrVHaGEvWzuZbB
PatriciaSchwartz@westmont.edu,xmmtkxlhpzhBUXof
KimberlyJenkins@westmont.edu,TgOnlAylJOxESpPh
KevinSmith@westmont.edu,fUrRbDnxnuHyjfqg
MarioGonzalez@westmont.edu,suaRZqQQNVyegkyL
LindaDelgado@westmont.edu,pZPFXUATCzMaUelX
JoshuaWest@westmont.edu,tGAwcWeSKrtKufXU
MatthewTurner@westmont.edu,ajWxIrkcRmIlMHQj
RoseByrd@westmont.edu,BPIuvCiYrvWlOJOe
WilliamWaters@westmont.edu,SaMAqxipqFYcUIFb
JanetSimmons@westmont.edu,cwYYSZYUucTjYbIO
MelissaPreston@westmont.edu,UWHUkoYAvxilLAIM
JillMaynard@westmont.edu,LHgnaAEzSemtFYVF
JosephKane@westmont.edu,PYWXAVJhLaFqbmCO
JacobPowell@westmont.edu,JXOaAKVCqaZWrFsC
WillieSchwartz@westmont.edu,dtCoOPxOyGPsexlS
SarahPatel@westmont.edu,uPaBzwbtvaWaaqVf
BrittneyKelly@westmont.edu,yBdNjsBCxRuENWan
DylanCarter@westmont.edu,fiBaGrHayfyUfEur
MoniqueYoung@westmont.edu,TQuYdLOmNZzBebSG
DylanJennings@westmont.edu,LCTnZXTPzmufhXtB
ChristopherBradley@westmont.edu,YXKNXRatERrGWonM
JillCook@westmont.edu,WmLvUsTTrwkzWxBR
DavidHarmon@westmont.edu,emTQjbkOdcszULVY
SabrinaGay@westmont.edu,xBJlrLaOtdPdwjgj
AlexandraParker@westmont.edu,SiZdXfZPgUNpePpS
RobertMorris@westmont.edu,LPCoubyOStojLjWs
HeatherNolan@westmont.edu,MteChNIvrbmqAYQz
KiaraThompson@westmont.edu,aCQbYEaJtmrvFyTE
TiffanyJones@westmont.edu,ihZWwihmEQtMsKei
AmberBurton@westmont.edu,FxIFCREVQmVZYBkD
JoseRobbins@westmont.edu,JDLJEaqcjaMTJOVE
JesseMckinney@westmont.edu,RVhRlDgiezUeEjCa
DerekEdwards@westmont.edu,YXKNXRatERrGWonM
AdrianRichards@westmont.edu,WfuHciIvGuHIiBLc
MichaelMills@westmont.edu,jJwVGWfPuRcgbhds
JeremiahBurke@westmont.edu,jkPRYgKBbyxdmNeX
EricRivera@westmont.edu,seVxaVxPrEMtOnVd
MeganHenry@westmont.edu,DCRWOgwtdAvgfxug
MaryLuna@westmont.edu,uuqVwHljjYvDKKDU
AlexanderBurnett@westmont.edu,caarDZnTiRJhaSBI
JohnBlack@westmont.edu,YquOgGKuOsyntFKx
CurtisPeters@westmont.edu,YDCGyjzqoPdDGELw
JeffreyNolan@westmont.edu,JXOaAKVCqaZWrFsC
AlyssaWolf@westmont.edu,BxYiKXqCmNLdSrVM
JohnHart@westmont.edu,NCTdCymawfKNPvXP
ChristopherSweeney@westmont.edu,seVxaVxPrEMtOnVd
EvelynMendoza@westmont.edu,psrrktYOlugNRyxW
LaurenVelez@westmont.edu,iwyOpOhFhmPNeuMP
ChristinaKirby@westmont.edu,TojdyLITwqKmsudw
AndrewBenton@westmont.edu,NViCnIVvfOhtEaoI
AndrewChristensen@westmont.edu,ihZWwihmEQtMsKei
CindyGarcia@westmont.edu,ykaGHLiQIkPmGFQz
RebeccaBerry@westmont.edu,WmLvUsTTrwkzWxBR
SherriMoore@westmont.edu,BpAJuTGwNUpMwInw
EdwardSmith@westmont.edu,OLfqWXqBblGMUiOS
MikeJackson@westmont.edu,YjBZcyDdkZUPQYtA
CatherineWilson@westmont.edu,XgAwfFepzdHUDlWh
LisaCraig@westmont.edu,vWMhVBxsswaZKrTn
BarbaraGomez@westmont.edu,MteChNIvrbmqAYQz
VincentHoffman@westmont.edu,PxEmPKWbXhdtBOWy
RandallBuckley@westmont.edu,SrOsSJCYSqhGTXoN
DanielleCaldwell@westmont.edu,JKAybcMfaXOJvJuw
TimothyHiggins@westmont.edu,bmbayudLcuPsQKRH
DanielleAbbott@westmont.edu,yXjzwDSeABmeJSqd
ScottWilson@westmont.edu,BdkErQUmUSvZePwp
DennisFleming@westmont.edu,fcphdDsQXUgRQKaa
JordanFord@westmont.edu,ZYMwECzUaVoRfbtm
CindyCarroll@westmont.edu,dJAIStaZFKqcRHCW
ValerieKhan@westmont.edu,rzYlZSqqwRkINGSz
SeanMcclain@westmont.edu,ykaGHLiQIkPmGFQz
TeresaFreeman@westmont.edu,RpfhRlulyWfodPgK
JoshuaCarson@westmont.edu,vqEQAdOXMuuaGsOP
AprilCampbell@westmont.edu,YoowwAtRMKpXJWag
BrianMitchell@westmont.edu,lVAzrYevXnZYWAXI
LeonardOliver@westmont.edu,NiqpFjUrdQejxRrN
KevinGonzalez@westmont.edu,RVhRlDgiezUeEjCa
ChristinaAndrews@westmont.edu,hkejWUSdHfetgaQw
SandyWright@westmont.edu,pLruhTENMdWSpkBN
ChristinaMoore@westmont.edu,lTnnpLigCgScpcit
ThomasAnderson@westmont.edu,iPIgcsoqnblafaWv
LindseyCox@westmont.edu,PxEmPKWbXhdtBOWy
RichardBarnes@westmont.edu,GwvuYMtiQFCdKuwm
MichaelCarter@westmont.edu,SVsMuMsoVwhJCjCU
ElizabethFerguson@westmont.edu,xfrWanUxXJRTNBou
FredCopeland@westmont.edu,dFRigBNQuZlZczip
CollinGalloway@westmont.edu,BpAJuTGwNUpMwInw
AndreaCantrell@westmont.edu,jDEVdggiaEvMfCVz
DonnaSchwartz@westmont.edu,JbSRDcJLlFdkHpmA
AmberAustin@westmont.edu,JDUPJDTDNgdltxbo
NatalieJackson@westmont.edu,IJVXXyRBBwybyidT
NicholasHolloway@westmont.edu,bohcCQllwYSQTJIr
ReneeFerrell@westmont.edu,CNBlUFLgoCsgLSCq
DakotaJohnson@westmont.edu,gceDUDgCnFohsHMo
AngelaMorris@westmont.edu,OoBqZQMSkeswmOwQ
JessicaMckinney@westmont.edu,ZYMwECzUaVoRfbtm
SandraHodges@westmont.edu,BoiVaUmXiGfkuQzw
PhillipGreene@westmont.edu,inTbylYAFeqObvwq
SandraLarson@westmont.edu,PqWSltjtSbPruVYG
GinaThornton@westmont.edu,LQAAezawhDHiGqEC
JamesWoods@westmont.edu,fpcKBKIZpdTrIfDM
SabrinaJohnston@westmont.edu,NtNIGJSUpMwKOMoe
AmberRichards@westmont.edu,tmBcpNFKPNRPTMOl
DanaMaxwell@westmont.edu,qHJOxosRVNXrIrJz
JonathonMyers@westmont.edu,KqMwzrFIYEDNWQIR
CarlosCunningham@westmont.edu,RjHdddOLFjERcvFD
LindaHubbard@westmont.edu,FxIFCREVQmVZYBkD
LoganWaller@westmont.edu,HtIatFZsrXxwvhvU
ZacharySwanson@westmont.edu,YoowwAtRMKpXJWag
RhondaChaney@westmont.edu,OlZmTxKDKRsczncQ
JeffreyFernandez@westmont.edu,YNuxCsEJfSvcFbSQ
AlexandraRodriguez@westmont.edu,gTusKINJdgHfAvjH
JulieCameron@westmont.edu,WUAnPqFshcvdmgtI
BrittanyTravis@westmont.edu,TgOnlAylJOxESpPh
KevinGarrett@westmont.edu,QIcODFPpXKnbYQsf
VictoriaSimmons@westmont.edu,jJwVGWfPuRcgbhds
DavidSimmons@westmont.edu,xmmtkxlhpzhBUXof
DanielFrank@westmont.edu,MoGiqCbHrIwBZKiI
DonnaDean@westmont.edu,kgIgQhrYJZgJDCaj
JohnHampton@westmont.edu,XFhPJzbZSNepPpkw
DanielleRichards@westmont.edu,yBdNjsBCxRuENWan
MeghanHoward@westmont.edu,pKdPzuKrjociXLfN
GlenGriffith@westmont.edu,PfoYuGKlQvfgGKLp
MelindaSteele@westmont.edu,pDjovDAOoUfGesFF
TeresaMorris@westmont.edu,vORIKHqGNwMlTPaF
JamesMorales@westmont.edu,WSfQXUvlpcLKFlwK
LeahWard@westmont.edu,nlGHXVgAITNDQkRK
JosephPerez@westmont.edu,RMqgiXHzUiqwcPTL
StevenCollins@westmont.edu,ifBecfxwxezvEYQK
MaryWilliams@westmont.edu,DpdgruJPtsfZGaFe
BriannaGonzales@westmont.edu,KmKfDuEkYnOsJTVE
DarrenShaw@westmont.edu,KTMiUQhATlIAruGl
NancyRoth@westmont.edu,FKLzuECZGAuivaVE
JoshuaChavez@westmont.edu,CRZxwBWEQueOoRRT
FrankNorman@westmont.edu,vMWZUYUFlhPFewAs
KimberlyJohnson@westmont.edu,KUpXunjYdAtaQkVv
DawnPierce@westmont.edu,ADTaSuUWvOqJZSen
DerekHenderson@westmont.edu,kgIgQhrYJZgJDCaj
MelissaPeterson@westmont.edu,fiBaGrHayfyUfEur
CurtisWolf@westmont.edu,KNokNsOFrWqcEQRL
KathySmith@westmont.edu,TojdyLITwqKmsudw
BryanGibbs@westmont.edu,jltThTwbhHGpXsJV
BeverlyHammond@westmont.edu,GDwEGSBOPnjDIzAc
SarahBeltran@westmont.edu,YNuxCsEJfSvcFbSQ
RichardReilly@westmont.edu,HPnzGUASZoMIBHdm
DavidAcevedo@westmont.edu,bohcCQllwYSQTJIr
MaryDuncan@westmont.edu,AuFkFUPYOxDtwipO
CharlesBerry@westmont.edu,JKAybcMfaXOJvJuw
AlejandraFry@westmont.edu,lDwSDtxtfDAqcEDz
ChristineSingleton@westmont.edu,uClRiEcjhhAYzIsy
KellyRoberts@westmont.edu,pZPFXUATCzMaUelX
MollyCalderon@westmont.edu,uuqVwHljjYvDKKDU
AmySanders@westmont.edu,VxhidpppFMiqypLj
MelissaQuinn@westmont.edu,nSLUdXaitJWDluTz
CurtisOneill@westmont.edu,hnWLqXfIiGKmtDJj
MatthewEllis@westmont.edu,pZPFXUATCzMaUelX
JonathanClark@westmont.edu,CYMhvYFjzbyFVgXu
DebraFigueroa@westmont.edu,rlViGDytPJMLsCgC
ChristinaWilcox@westmont.edu,HwZmNWUXlSnsVqVh
BrandyRandolph@westmont.edu,YdRXSqDypjkyeDts
DerekBailey@westmont.edu,BoiVaUmXiGfkuQzw
PeterDecker@westmont.edu,xmmtkxlhpzhBUXof
SamanthaMiller@westmont.edu,ajWxIrkcRmIlMHQj
KristiYates@westmont.edu,xsvySFyBhjHnjIfK
StephenZhang@westmont.edu,JAGqKiphrnHRNyhv
KristineSpears@westmont.edu,iAMgIubQUCJzTrZf
CurtisWolf@westmont.edu,caeqtCEiQpesNtXQ
EddieRamsey@westmont.edu,UgyAFUyUzMogUNkS
JesusHiggins@westmont.edu,rPlvYqbxIbeZRvSA
AndreSmith@westmont.edu,ZopYRrkWpjKtBGKp
MadisonAguilar@westmont.edu,CYMhvYFjzbyFVgXu
HannahPoole@westmont.edu,psrrktYOlugNRyxW
PaigeAnderson@westmont.edu,kgIgQhrYJZgJDCaj
ParkerAustin@westmont.edu,CtYPcVuwhVIBQvQV
BradleyCastro@westmont.edu,OGiHuQkVqolQaMbp
ChristopherHoward@westmont.edu,YIjbvHTRHophWuOj
MeganMueller@westmont.edu,kMQGHUhbViZperXu
AutumnWard@westmont.edu,yqWQcgvcrtRRRXBD
TroyLawson@westmont.edu,PQGiYqwcyimcICtA
HeatherTorres@westmont.edu,iwyOpOhFhmPNeuMP
JordanHughes@westmont.edu,ZYMwECzUaVoRfbtm
SandraChristian@westmont.edu,VeqJlcpVNtlSthfm
KristiWilliams@westmont.edu,LCTnZXTPzmufhXtB
RodneyHubbard@westmont.edu,KqMwzrFIYEDNWQIR
FranciscoGarcia@westmont.edu,nfLhjmtsRWVudgue
KristenFuller@westmont.edu,GfOayZPuLWjSgXcK
NicholasBrown@westmont.edu,chmOSjAraqkDprXM
JamesOchoa@westmont.edu,sUozofSABQjkyWon
MelanieRoss@westmont.edu,CpxluCZhLnCBnbIv
AdrienneRichards@westmont.edu,XgAwfFepzdHUDlWh
TonyMartinez@westmont.edu,BoiVaUmXiGfkuQzw
AndrewStark@westmont.edu,lOyTeVvTBpwQRHto
HunterGutierrez@westmont.edu,fUrRbDnxnuHyjfqg
DerekCantrell@westmont.edu,ONaXpXDfoOLSwWho
TabithaPark@westmont.edu,PuCpngMrIsJkhNlP
BrandonMoore@westmont.edu,sHHisfcdkQhsaqck
StephanieTrevino@westmont.edu,orEnrstsbtLuFBoV
EdgarMurray@westmont.edu,xKRbUQTKykcLqDYK
MelissaBarnes@westmont.edu,JViWQvSghaQLvrag
HelenLutz@westmont.edu,izsfYokKOZlyorSA
DavidLove@westmont.edu,exlraUGAXyKMPPSw
PhyllisLittle@westmont.edu,IOOfKfKoUkcTGqAJ
PriscillaRoberts@westmont.edu,MteChNIvrbmqAYQz
RachelWard@westmont.edu,HtmKMunNEazpUdvM
JustinDuran@westmont.edu,caeqtCEiQpesNtXQ
DanielGardner@westmont.edu,uWpBlSnfbMWYZPpt
WilliamChang@westmont.edu,vORIKHqGNwMlTPaF
AllisonButler@westmont.edu,aAcXQOPOQaiTybpo
VanessaEdwards@westmont.edu,OLfqWXqBblGMUiOS
DavidJackson@westmont.edu,bYLGrdynGNTwQxBd
JenniferWood@westmont.edu,ZCrfeAlJesexmimu
KimYoung@westmont.edu,gAKptLBXyLxvEOBL
ShellyMills@westmont.edu,vwXNPJopDEtUNGsb
CherylGraham@westmont.edu,RjHdddOLFjERcvFD
ChristinaMartinez@westmont.edu,obdJZhzfjQGkRPkK
SamuelJackson@westmont.edu,YDCGyjzqoPdDGELw
SarahFreeman@westmont.edu,PYWXAVJhLaFqbmCO
SandraEvans@westmont.edu,CxbuGoDtbGixmDyE
TaylorJefferson@westmont.edu,oBUQAflxQxctnZlm
SeanRuiz@westmont.edu,SrOsSJCYSqhGTXoN
ElizabethCrawford@westmont.edu,TxgwYJILgBlnPjhe
MeganDiaz@westmont.edu,VapeKTIESBfgvsqg
JasonLi@westmont.edu,kIwuXSmBJRyxuhdP
CameronLee@westmont.edu,vSFCQvmkOCAtIowW
BarbaraFrench@westmont.edu,OlrTBkHcNeJDExGY
SusanCurry@westmont.edu,NJuPXgEXbWQekbhA
AngelaRyan@westmont.edu,ecisDtyjrUMqMHpk
JessicaWhite@westmont.edu,PxEmPKWbXhdtBOWy
AndrewStewart@westmont.edu,ujolEkKrkutKOnjm
RyanMurphy@westmont.edu,uuqVwHljjYvDKKDU
GregoryPalmer@westmont.edu,gTusKINJdgHfAvjH
PattyMcbride@westmont.edu,kAUFBjVCitSIoVxp
LanceLewis@westmont.edu,KNokNsOFrWqcEQRL
DavidMayo@westmont.edu,hkejWUSdHfetgaQw
ShawnSanford@westmont.edu,JAGqKiphrnHRNyhv
JulieWard@westmont.edu,UgyAFUyUzMogUNkS
TinaJackson@westmont.edu,tveFFWxOAlbAyucL
AndrewBoyer@westmont.edu,DpdgruJPtsfZGaFe
TaylorJones@westmont.edu,hwJAwEGpuvESEWoB
DarrylRamsey@westmont.edu,fcphdDsQXUgRQKaa
SandraYoder@westmont.edu,fnhKJCKUnBuuwSqF
MatthewHenderson@westmont.edu,VqqCEpvjeHjQGLdg
JeffreyBlack@westmont.edu,IOOfKfKoUkcTGqAJ
KurtColon@westmont.edu,PYWXAVJhLaFqbmCO
SharonCarpenter@westmont.edu,pKdPzuKrjociXLfN
ThomasBerry@westmont.edu,BPeqzhsfgjtDdoQN
RandyBennett@westmont.edu,sTMGsuMSSUtLRLfn
WillieAnderson@westmont.edu,tGAwcWeSKrtKufXU
CatherineSosa@westmont.edu,EmpbMqroPCYmvjwB
SharonMitchell@westmont.edu,DChDuokwVMMTCwov
JosephHumphrey@westmont.edu,nQXxmmppwBCARoRQ
MeghanThompson@westmont.edu,sHHisfcdkQhsaqck
AndrewYoung@westmont.edu,EYtSJJkDjIBZHxKz
MelissaMiller@westmont.edu,EyRCgHRoPdPwDkiO
DanielFrank@westmont.edu,kwcqroLISWgJCbEM
LindseyHernandez@westmont.edu,tGAwcWeSKrtKufXU
CraigMartinez@westmont.edu,WCdAvAhPMMFyaXbu
JulieLee@westmont.edu,DCMOwHsabGCNlvlQ
JesusRobinson@westmont.edu,YNuxCsEJfSvcFbSQ
PaulHarris@westmont.edu,ZaRVzdMuaAGcuTOM
KaitlynBeck@westmont.edu,PdBWPvBmzligGBbD
GregoryAlvarez@westmont.edu,YdRXSqDypjkyeDts
KrystalBennett@westmont.edu,YNuxCsEJfSvcFbSQ
BrianTerry@westmont.edu,gDDCXHSCVPijCkey
PhilipRamos@westmont.edu,JryVjRYeYYlfHGQf
MelindaFuller@westmont.edu,OlrTBkHcNeJDExGY
RobinHale@westmont.edu,JViWQvSghaQLvrag
AlexisThomas@westmont.edu,lrbsPwsQAMLZoUvN
MelissaLewis@westmont.edu,hZFyZVuZFrnPrbdT
TimothySchultz@westmont.edu,rALhjioESlULqYlY
PriscillaRoberts@westmont.edu,IOOfKfKoUkcTGqAJ
JacobGlover@westmont.edu,YgfieBIRgVChXOXr
BarbaraSimmons@westmont.edu,oBUQAflxQxctnZlm
MistyBrown@westmont.edu,XYCxsExXvhxqLXEl
DanaSawyer@westmont.edu,XgAwfFepzdHUDlWh
DavidPrince@westmont.edu,bDQfhQYvEcqTobPs
ChristinaReyes@westmont.edu,vORIKHqGNwMlTPaF
AaronChavez@westmont.edu,PuuvTCajOKvcSgwA
ArthurHarrison@westmont.edu,PxEmPKWbXhdtBOWy
JoeCooper@westmont.edu,PQGiYqwcyimcICtA
JosephLeach@westmont.edu,rzYlZSqqwRkINGSz
DerekHughes@westmont.edu,ZCrfeAlJesexmimu
DorisWu@westmont.edu,vSFCQvmkOCAtIowW
KatherineSullivan@westmont.edu,MDiiVBmymPxTRJIr
CarlaLong@westmont.edu,HYAEdSJEZWrpBrkn
ErinHorne@westmont.edu,vgyPZTRBFzHkcWhh
AngelaMurphy@westmont.edu,CgrjWdqoVyWAfktE
RobinFuller@westmont.edu,BpAJuTGwNUpMwInw
ThomasAllen@westmont.edu,LJCTKjPNnpkrsXPw
BrianMooney@westmont.edu,ZaCnjCyCwfzgAIhW
CharlesHernandez@westmont.edu,caarDZnTiRJhaSBI
DanielWilliams@westmont.edu,KZiewUksKgmJIzrT
AndrewSoto@westmont.edu,BxYiKXqCmNLdSrVM
AngelaHubbard@westmont.edu,dsHAQuzIWMAyuYcN
AnthonyBrown@westmont.edu,uWpBlSnfbMWYZPpt
KatherineGilmore@westmont.edu,ZYMwECzUaVoRfbtm
MathewCruz@westmont.edu,HgnBElSfYReTImfv
FrederickAshley@westmont.edu,gjQiOAGUvFqyYwNa
JosephReed@westmont.edu,CtYPcVuwhVIBQvQV
SamuelArmstrong@westmont.edu,pOHeWvVQFBrhZhBi
JoanAbbott@westmont.edu,CwKEbsIFDsrLDWgv
KathyRoberts@westmont.edu,RKHMtYvqQGRuUSbm
ChristopherSantiago@westmont.edu,bzpPWtJEgNQrvpTn
MarkVasquez@westmont.edu,lVAzrYevXnZYWAXI
AnthonyPittman@westmont.edu,UEVeYTFjaSwUZqhJ
SaraRoberson@westmont.edu,SLixokFzxTaPCCTE
ChristieJohnson@westmont.edu,EYtSJJkDjIBZHxKz
WayneHernandez@westmont.edu,PQGiYqwcyimcICtA
TerriHopkins@westmont.edu,CKvoXbSBNuCPvPHM
RobertRoberts@westmont.edu,lyMgMQfGdigyrdBu
NicholasAustin@westmont.edu,YXKNXRatERrGWonM
BrittneyHopkins@westmont.edu,sqxwjFJHKsktbnzt
JustinReynolds@westmont.edu,JDLJEaqcjaMTJOVE
AshleeThornton@westmont.edu,NJuPXgEXbWQekbhA
DonaldAdkins@westmont.edu,AaHWMwBtTRHvNEXg
BethBurch@westmont.edu,seVxaVxPrEMtOnVd
JosephGould@westmont.edu,FOvgvpgGzGeQFJhr
MelissaLamb@westmont.edu,CihBWQbFLkLQWMvE
SeanMartin@westmont.edu,YoowwAtRMKpXJWag
MarcJones@westmont.edu,FacxGIKxnrNMCUtI
DavidFrench@westmont.edu,cpICAEzoqjUxDiCu
AnthonyTerry@westmont.edu,EYUIrnrRjwJdSzDw
DestinyVega@westmont.edu,ZopYRrkWpjKtBGKp
GlenCarter@westmont.edu,TgOnlAylJOxESpPh
JillHill@westmont.edu,JzNSMPqfIHwdFlbU
MarkAustin@westmont.edu,RorrZmIXefqdHAiM
KevinGomez@westmont.edu,JwhOoYtyUwyTTUfg
EdwardFrazier@westmont.edu,FOvgvpgGzGeQFJhr
MelissaSwanson@westmont.edu,lrttDxhaJRetDPdN
DrewHardin@westmont.edu,HOhOXpsbwdEUOlLV
GeorgeLara@westmont.edu,ZCrfeAlJesexmimu
ChristinaAdkins@westmont.edu,pLruhTENMdWSpkBN
JosephNicholson@westmont.edu,ONaXpXDfoOLSwWho
NicholasPark@westmont.edu,nJxlSmNLsIXJRvcb
MartinBush@westmont.edu,fBdSOaoWLDrLrBwC
KathyWyatt@westmont.edu,BPIuvCiYrvWlOJOe
GabrielMorris@westmont.edu,WECGiLkcrzmNMiOZ
AndreaDavis@westmont.edu,fcphdDsQXUgRQKaa
